#category,result,item1,item2,item3,item4,item5,item6
お札,加速の札(3),加速薬,ふしぎな紙切れ,,,,
お札,加速の札(2),敵速「メイド・イン・ヘブン」,ふしぎな紙切れ,墨汁,,,
お札,低速の札(3),鈍重薬,ふしぎな紙切れ,,,,
お札,低速の札(3),鈍速薬,ふしぎな紙切れ,墨汁,,,
お札,金縛りの札(3),筋弛緩剤,ふしぎな紙切れ,,,,
お札,幸福の札(2),四葉のクローバー,ふしぎな紙切れ,墨汁,,,
お札,幸福の札(3),しあわせになれるくすり,ふしぎな紙切れ,,,,
お札,不幸の札(2),逆行薬,ふしぎな紙切れ,墨汁,,,
お札,不幸の札(3),退行薬,ふしぎな紙切れ,墨汁,,,
お札,場所がえの札(3),帰還「リターンオブハクレイ」,ふしぎな紙切れ,,,,
お札,場所がえの札(3),微翔薬,遠離の札,転換液,,,
お札,無能の札(3),衰耗液,ふしぎな紙切れ,墨汁,,,
お札,遠離の札(3),蝙蝠の羽,ふしぎな紙切れ,墨汁,,,
お札,遠離の札(3),メントゥス,ふしぎな紙切れ,,,,
お札,囮の札(3),混乱薬,ふしぎな紙切れ,墨汁,,,
お札,招雷の札(3),神技「八方龍殺陣」,ふしぎな紙切れ,,,,
お札,招雷の札(3),照符「ルーム・オブ・ライト」,ふしぎな紙切れ,壊れたソナー,,,
お札,変異の札(3),変性液,ふしぎな紙切れ,墨汁,,,
お札,怨返しの札(3),厄をため込んだお守り,ふしぎな紙切れ,墨汁,,,
お札,怨返しの札(3),呪詛返しの札,濃縮液,転換液,,,
お札,呪詛返しの札(3),あぶない薬,ふしぎな紙切れ,墨汁,,,
お札,八意湿布(2),玉露,ふしぎな紙切れ,墨汁,茶葉,,
お札,八意湿布(2),解毒薬,ふしぎな紙切れ,墨汁,,,
お札,火水木金土日月の札(3),博打「エスポワール」,墨汁,,,,
お札,火水木金土日月の札(3),あぶない薬,ふしぎな紙切れ,,,,
お札,炎上の札(1),火薬,ふしぎな紙切れ,墨汁,,,
お札,炎上の札(2),爆薬,ふしぎな紙切れ,墨汁,,,
お札,旧一万円札(4),ふしぎな紙切れ,墨汁,しあわせになれるくすり,,,
お札,霧散霧消の札(4),雲の切れ端,ふしぎな紙切れ,墨汁,,,
お札,アイテム保護の札(5),ふしぎな紙切れ,お守り「開運除災」,,,,
お札,遺失物の札(1),しあわせになれるくすり,ふしぎな紙切れ,玉ねぎ水晶,,,
薬,緑茶,香草,雑草,,,,
薬,緑茶,みず,ぞうきん,,,,
薬,玉露,茶葉,おいしい水,,,,
薬,玉露,強力液,緑茶,,,,
薬,どくだみ茶,茶葉,薬草,,,,
薬,どくだみ茶,薬草,緑茶,,,,
薬,どくだみ茶,緑茶,解毒薬,,,,
薬,解毒薬,香草,薬草,,,,
薬,解毒薬,あぶない薬,転換液,,,,
薬,ちからの薬,強力液,怪力薬,,,,
薬,みず,火薬,氷塊,,,,
薬,みず,毒薬,解毒薬,,,,
薬,みず,絵の具,漂白剤,,,,
薬,しあわせになれるくすり,四葉のクローバー,四葉のクローバー,,,,
薬,しあわせになれるくすり,ふしぎなアメちゃん大玉,ふしぎなアメちゃん大玉,,,,
薬,怪力薬,おいしい水,強力液,,,,
薬,怪力薬,ちからの薬,あぶない薬,,,,
薬,無敵薬,人魚のうろこ,ハクタクの角,あぶない薬,煌々液,,
薬,無敵薬,八意印の万能薬,蓬莱の薬,,,,
薬,目薬,香草,みず,薬草,,,
薬,目薬,八目鰻,おいしい水,,,,
薬,加速薬,鴉天狗の卵,おいしい水,,,,
薬,加速薬,鈍速薬,転換液,,,,
薬,狂化薬,強力液,あぶない薬,,,,
薬,狂化薬,狂乱「スカーレット・マーカー」,変性液,,,,
薬,毒薬,毒草,おいしい水,,,,
薬,毒薬,転換液,解毒薬,,,,
薬,逆行薬,ハクタクの角,おいしい水,,,,
薬,逆行薬,しあわせになれるくすり,転換液,,,,
薬,混乱薬,毒草,カラフルキノコ,,,,
薬,混乱薬,狂化薬,希釈液,,,,
薬,睡眠薬,おいしい水,香草,雑草,,,
薬,睡眠薬,お酒,カラフルキノコ,,,,
薬,鈍速薬,ぞうきん,雑草,毒草,,,
薬,鈍速薬,転換液,加速薬,,,,
薬,爆薬,あれ,カラフルキノコ,わら,,,
薬,爆薬,あぶない薬,火薬,,,,
薬,海鼠腸,ナマコのお菓子,みず,,,,
薬,お酒,酒虫,おいしい水,,,,
薬,お酒,変性液,みず,おいしい水,,,
薬,紅茶,茶葉,玉露,,,,
薬,紅茶,茶葉,香草,緑茶,,,
薬,紅い液体,衰耗液,蝙蝠の羽,,,,
薬,浮遊薬,微翔薬,煌々液,,,,
薬,浮遊薬,メントゥス,瓶コーラ,強力液,,,
薬,八意印の万能薬,人魚のうろこ,変性液,,,,
薬,八意印の万能薬,蓬莱の薬,転換液,,,,
薬,あぶない薬,みず,あれ,,,,
薬,あぶない薬,ドロドロおはぎ,黒こげワッフル,,,,
薬,あぶない薬,かつて食べものだったモノ,黒こげおはぎ,,,,
薬,飛翔薬「博麗ロケット」,鈍重薬,転換液,,,,
薬,飛翔薬「博麗ロケット」,微翔薬,爆薬,,,,
薬,緑汁,おいしい水,雑草,,,,
薬,緑汁,みず,雑草,,,,
薬,良薬,薬草,薬草,香草,,,
薬,良薬,緑汁,強力液,,,,
薬,活性丹,爆薬,玉露,,,,
薬,活性丹,強力液,火薬,あれ,,,
薬,天眼薬,八目鰻,煌々液,,,,
薬,天眼薬,目薬,目薬,,,,
薬,天眼薬,照符「ルーム・オブ・ライト」,あぶない薬,,,,
薬,P缶,石ころ,強力液,火薬,,,
薬,良缶,良薬,P缶,,,,
薬,緑茶オン・ザ・ロック,緑茶,氷塊,,,,
薬,緑茶オン・ザ・ロック,極大氷塊,おいしい水,,,,
薬,火炎瓶,お酒,火薬,,,,
薬,火炎瓶,爆薬,衰耗液,,,,
薬,筋弛緩剤,カラフルキノコ,煌々液,,,,
薬,筋弛緩剤,怪力薬,転換液,,,,
薬,銘酒,お酒,強力液,,,,
薬,銘酒,お酒,お酒,,,,
薬,銘酒,酒虫,強力液,,,,
薬,退行薬,逆行薬,衰耗液,,,,
薬,退行薬,逆行薬,あぶない薬,,,,
薬,混沌薬,混乱薬,カラフルキノコ,カラフルキノコ,,,
薬,混沌薬,混乱薬,衰耗液,,,,
薬,混沌薬,幻惑「アンキャニーシャイン」,あぶない薬,,,,
薬,爆睡薬,睡眠薬,混乱薬,,,,
薬,爆睡薬,睡眠薬,睡眠薬,強力液,,,
薬,爆睡薬,爆睡「パレッスパーティクル」,あぶない薬,,,,
薬,鈍重薬,鈍速薬,衰耗液,,,,
薬,鈍重薬,超重「プラネット・ズン」,あぶない薬,,,,
薬,鈍重薬,鈍速薬,鈍速薬,,,,
薬,漢方薬「冬虫夏草」,虫の死骸,カラフルキノコ,煌々液,,,
薬,漢方薬「冬虫夏草」,カラフルキノコ,虫の死骸,薬草,強力液,,
薬,蓬莱の薬,月の姫の黄金の水,煌々液,,,,
薬,蓬莱の薬,変性液,八意印の万能薬,,,,
薬,神便鬼毒酒,秘蔵酒「酒呑童子」,変性液,,,,
薬,秘蔵酒「酒呑童子」,銘酒,煌々液,酒虫,,,
薬,紅魔茶「スカーレットデビル」,紅い液体,紅茶,,,,
薬,安眠薬「春ですよ」,爆睡薬,強力液,,,,
薬,安眠薬「春ですよ」,睡眠薬,睡眠薬,鈍速薬,,,
薬,劇薬「スイートポイズン」,鈴蘭の毒,猛毒薬,,,,
薬,劇薬「スイートポイズン」,鈴蘭の毒,煌々液,,,,
薬,禁忌薬「フランドール」,紅魔茶「スカーレットデビル」,怪力薬,,,,
薬,禁忌薬「フランドール」,変性液,狂化薬,狂乱「スカーレット・マーカー」,,,
薬,秘薬「歴史喰い」,しあわせになれるくすり,退行薬,,,,
薬,秘薬「歴史喰い」,逆行薬,退行薬,強力液,,,
薬,乱神薬「三歩必殺」,秘蔵酒「酒呑童子」,煌々液,,,,
薬,水蒸気爆薬,核燃料,強力液,,,,
薬,水蒸気爆薬,爆薬,爆薬,爆薬,みず,,
薬,透過薬「ステルスドリンク」,お化けキューカンバー,おいしい水,,,,
薬,弩級薬「超マッシュルーム」,カラフルキノコ,煌々液,,,,
薬,死出酒「黄泉平坂行路」,桜の花びら,銘酒,,,,
薬,死出酒「黄泉平坂行路」,あれ,かつて食べものだったモノ,放射性物質,お酒,,
薬,入道薬「気化前の雲山」,雲の切れ端,煌々液,,,,
薬,激震薬「先憂後楽」,仙果,煌々液,,,,
薬,日輪酒「花鳥風月」,大輪の向日葵,銘酒,八目鰻,雲の切れ端,月の姫の黄金の水,
薬,日輪酒「花鳥風月」,月輪酒「嘯風弄月」,変性液,,,,
薬,月輪酒「嘯風弄月」,銘酒,鴉天狗の卵,びわ,赤い羽根,蛍光「オールド・ラング・サイン」,
薬,月輪酒「嘯風弄月」,日輪酒「花鳥風月」,変性液,,,,
薬,四季酒「百花繚乱」,大輪の向日葵,桜の花びら,極大氷塊,銘酒,茨木の百薬枡,
薬,猿田彦味酒「幻想風靡」,月輪酒「嘯風弄月」,鴉天狗の卵,,,,
薬,果実酒「みらくる★もーぜ」,ミラクルフルーツ,銘酒,,,,
薬,微翔薬,メントゥス,瓶コーラ,,,,
薬,無情酒「親玉ころし」,黒怨石のかけら,神便鬼毒酒,猛毒薬,劇薬「スイートポイズン」,NTR調整薬,
薬,非情酒「不可侵領域」,黒怨石のかけら,死出酒「黄泉平坂行路」,猛毒薬,禁忌薬「フランドール」,NTRリバース,
薬,キンキンに冷えたビール,お酒,メントゥス,氷塊,,,
薬,ナマコワイン(赤),海鼠腸,銘酒,,,,
薬,化鬼酒「百枡のしずく」,茨木の百薬枡,銘酒,,,,
薬,猛毒薬,毒薬,毒薬,強力液,,,
薬,猛毒薬,あぶない薬,あれ,かつて食べものだったモノ,ドロドロおはぎ,強力液,
薬,カッパ割り,きゅうり,お酒,みず,,,
薬,おゆ,おいしい水,核燃料,NTR調整薬,,,
薬,おゆ,水蒸気爆薬,希釈液,,,,
スペル,照符「ルーム・オブ・ライト」,壊れたソナー,無地のカード,絵の具,,,
スペル,照符「ルーム・オブ・ライト」,八目鰻,無地のカード,,,,
スペル,壁崩「ベルリナー・マウアー」,トンネルのスキマ,無地のカード,,,,
スペル,名づけて「越後ショート！」,米,お酒,無地のカード,,,
スペル,御祓「カーネルサルベージ」,お守り「厄除け」,無地のカード,,,,
スペル,御祓「カーネルサルベージ」,厄いリボン,無地のカード,,,,
スペル,御祓「カーネルサルベージ」,厄をためこんだお守り,無地のカード,,,,
スペル,口封「ジュ・スエテ」,無能の札,無地のカード,,,,
スペル,識別「ググール」,目薬,無地のカード,絵の具,,,
スペル,強化「荒御魂」,強力液,無地のカード,火薬,,,
スペル,硬化「幸御魂」,強力液,無地のカード,溶けた金属,,,
スペル,敵速「メイド・イン・ヘブン」,メイド長の懐中時計,無地のカード,,,,
スペル,爆睡「パレッスパーティクル」,睡眠薬,無地のカード,,,,
スペル,超重「プラネット・ズン」,鈍速薬,無地のカード,,,,
スペル,忘却「ネオラライザー」,歴史喰いの史書,無地のカード,,,,
スペル,厄除「サーディーンヘッド」,お守り「厄除け」,無地のカード,,,,
スペル,厄除「サーディーンヘッド」,厄いリボン,無地のカード,濃縮液,,,
スペル,妖館「レジデント・イーブル」,魍魎のスキマ,無地のカード,絵の具,,,
スペル,罠符「死の通路」,ガラクタ,無地のカード,,,,
スペル,増大「ピロルスの解放」,キンキンに冷えたビール,越後ショート,爆弾おはぎ,無地のカード,,
スペル,増大「ピロルスの解放」,キンキンに冷えたビール,越後ショート,日の丸おはぎ,無地のカード,,
スペル,悪夢「臨月天光」,閻魔様の審判帳,無地のカード,,,,
スペル,博打「エスポワール」,あぶない薬,無地のカード,NTR調整薬,ガラクタ,,
スペル,水没「サブマージプリンス」,おいしい水,みず,無地のカード,,,
スペル,根絶「-その瞬間であった-」,水蒸気爆薬,無地のカード,,,,
スペル,狂乱「スカーレット・マーカー」,狂化薬,強力液,無地のカード,,,
スペル,復活「乙事主の雄叫び」,謹製・みがわり人形,無地のカード,,,,
スペル,復活「乙事主の雄叫び」,緑汁,無地のカード,,,,
スペル,神霊「夢想封印」,P缶,無地のカード,絵の具,,,
スペル,神技「八方龍殺陣」,良缶,無地のカード,,,,
スペル,神技「八方龍殺陣」,P缶,無地のカード,絵の具,,,
スペル,帰還「リターンオブハクレイ」,飛翔薬「博麗ロケット」,無地のカード,,,,
スペル,帰還「リターンオブハクレイ」,お守り「無病息災」,無地のカード,NTR燃料,,,
スペル,帰還「リターンオブハクレイ」,お守り「家内安全」,無地のカード,NTR燃料,,,
スペル,帰還「リターンオブハクレイ」,お守り「合格祈願」,無地のカード,NTR燃料,,,
スペル,幻惑「アンキャニーシャイン」,混乱薬,無地のカード,絵の具,,,
スペル,幻惑「アンキャニーシャイン」,混沌薬,変性液,,,,
スペル,蛍光「オールド・ラング・サイン」,月時計,狂乱「スカーレット・マーカー」,,,,
スペル,炎符「太乙真火」,火炎瓶,無地のカード,,,,
スペル,大火の改新,P缶,無地のカード,絵の具,,,
スペル,大火の改新,炎上の札,無地のカード,,,,
スペル,竜巻「天孫降臨の道しるべ」,遠離の札,無地のカード,,,,
スペル,突符「天狗のマクロバースト」,加速の札,変性液,,,,
スペル,牙符「咀嚼玩味」,白狼天狗の毛,無地のカード,絵の具,,,
スペル,山窩「エクスペリーズカナン」,犬の毛,無地のカード,強力液,,,
スペル,奇跡「白昼の客星」,エクレア,無地のカード,絵の具,,,
スペル,奇跡「ファフロッキーズの軌跡」,エクレア,無地のカード,強力液,,,
スペル,星符「サテライトイリュージョン」,石ころ,煌々液,無地のカード,,,
スペル,妖器「ダークスパーク」,カラフルキノコ,松茸,無地のカード,,,
スペル,転移「ディメンション・コネクト」,場所がえの札,変性液,献身の印,,,
スペル,更地「ジャイアントローラー」,霧散霧消の札,無地のカード,水蒸気爆薬,,,
スペル,浄化「プラズモンクラスター」,八意湿布,無地のカード,玉露,,,
スペル,吸引「ゴールドレイン」,吸い寄せのスキマ,無地のカード,増大「ピロルスの解放」,あれ,,
スペル,罠解「マッスルソルビング」,怪力薬,無地のカード,天眼薬,,,
スペル,光霊「神霊宝珠」,神霊「夢想封印」,神技「八方龍殺陣」,最も凶悪なびっくり巫女玉,,,
スペル,禁忌「禁じられた遊び」,無地のカード,狂化薬,蝙蝠の羽,,,
スペル,禁忌「レーヴァテイン」,無地のカード,炎上の札,火薬,,,
スペル,銀符「シルバーバウンド」,無地のカード,紅茶,ぞうきん,,,
スペル,傷魂「ソウルスカルプチュア」,無地のカード,溶けた金属,黒曜石のかけら,,,
スペル,戦操「ドールズウォー」,無地のカード,毛糸,NTR因子No.44,,,
スペル,試験中「ゴリアテ人形」,無地のカード,わら,強力液,,,
スペル,「アビスノヴァ」,無地のカード,爆薬,強力液,,,
スペル,爆符「ペタフレア」,無地のカード,火薬,煌々液,,,
スペル,祟り神「赤口さま」,無地のカード,おいしい水,呪詛返しの札,,,
スペル,開宴「二拝二拍一拝」,無地のカード,墨汁,神気玉,,,
スペル,怨霊「入鹿の雷」,無地のカード,怨返しの札,強力液,,,
スペル,雷矢「ガゴウジサイクロン」,無地のカード,溶けた金属,召雷の札,,,
スペル,汎用「スペルカード入門」,無地のカード,石ころ,雑草,,,
スペル,＊猿の手よ！敵を握りつぶせ！＊,無地のカード,獣の毛,動物の皮,,,
スペル,龍符「ドラゴンズグロウル」,無地のカード,強力液,濃縮液,,,
スペル,「ルナライトキャノン」,無地のカード,火薬,強力液,,,
スペル,「メカ・ラビットちゃん★大行進」,無地のカード,狂化薬,,,,
スペル,心花「カメラシャイローズ」,無地のカード,石ころ,黒曜石のかけら,,,
スペル,想起「テリブルスーヴニール」,無地のカード,火水木金土日月の札,混乱薬,,,
スペル,憂面「杞人地を憂う」,無地のカード,薬草,香草,,,
スペル,憑依「喜怒哀楽ポゼッション」,無地のカード,衰耗液,墨汁,,,
スペル,地震「先憂後楽の剣」,無地のカード,召雷の札,NTR因子No.44,変性液,,
スペル,要石「天地開闢プレス」,無地のカード,石ころ,神気玉,,,
スペル,凍符「パーフェクトフリーズ」,無地のカード,氷塊,強力液,,,
スペル,吹氷「アイストルネード」,無地のカード,氷塊,転換液,,,
スペル,四精「フォーフェアリーズ」,無地のカード,火水木金土日月の札,,,,
スペル,気精「オールウェザーフェアリー」,無地のカード,召雷の札,,,,
お菓子,おはぎ,米,強力液,,,,
お菓子,大きいおはぎ,おはぎ,強力液,,,,
お菓子,特大おはぎ,大きいおはぎ,大きいおはぎ,,,,
お菓子,特製おはぎ,特大おはぎ,煌々液,,,,
お菓子,焼きたけのこ,たけのこ,火薬,,,,
お菓子,くろぐろとしたきのこ,きのこのホイル焼き,火薬,,,,
お菓子,焼きおはぎ,おはぎ,火薬,,,,
お菓子,越後ショート,エクレア,お酒,米,,,
お菓子,ミラクルフルーツ,特製おはぎ,カカオの種,ぶどうの種,バナナの種,みかんの種,
お菓子,爆弾おはぎ,おはぎ,爆薬,,,,
お菓子,日の丸おはぎ,おはぎ,解毒薬,,,,
お菓子,焼きヤツメウナギワッフル,エクレア,玉露,,,,
お菓子,幻想郷一辛いワッフル,エクレア,食べるラー油,,,,
お菓子,みらくる★ワッフルDX,ミラクルフルーツ,ふしぎなアメちゃん大玉,名づけて「越後ショート！」,,,
お菓子,オータムシスターパフェ,みらくる★ワッフルDX,椿の種,ぶどうの種,みかんの種,バナナの種,カカオの種
お菓子,ヤマメサンデー,ミラクルフルーツ,筋弛緩剤,ふしぎなアメちゃん大玉,土蜘蛛ウイルス,クモの巣型のかざり,
お菓子,でっかいワッフルMAX-G,みらくる★ワッフルDX,ヤマメサンデー,オータムシスターパフェ,神気玉,カエルの氷漬け,冬眠したヘビ
お菓子,夢と魔法のソフトクリームDX,ナマコのお菓子,キンキンに冷えたビール,NTR燃料,猿田彦味酒「幻想風靡」,緑のバナナの皮,お化けキューカンバー
お菓子,夢と魔法のポップ★コーン,ミラクルフルーツ,ナマコワイン（赤）,NTR燃料,四季酒「百花繚乱」,緑のバナナの皮,お化けキューカンバー
お菓子,ナイフショコラ,エクレア,ナイフ,,,,
お菓子,狗賓餅,白狼天狗の剛毛,特製おはぎ,,,,
お菓子,エクレア,びわ,八つ橋,変性液,,,
お菓子,クワノミ★スイート★DX,ナイフショコラ,ぶどう&br;（防具）,,,,
お菓子,ゴールデンリーフスイーツ,特製おはぎ,ミラクルフルーツ,転換液,,,
お菓子,かっぱのお寿司,きゅうり,米,,,,
お菓子,ワッフル,小麦粉,培養液,,,,
お菓子,おっきいワッフル,ワッフル,強力液,,,,
お菓子,でっかいワッフル,おっきいワッフル,おっきいワッフル,,,,
お菓子,石割桜,エクレア,硬化「幸御魂」,召雷の札,,,
お菓子,えのきたけ,種菌,培養液,,,,
お菓子,しいたけ,えのきたけ,変性液,,,,
お菓子,松茸,しいたけ,転換液,強力液,,,
お菓子,テオナナカトル,松茸,煌々液,,,,
お菓子,超スーパージャンボマッシュルーム,テオナナカトル,転換液,,,,
お菓子,舞茸クッキー,小麦粉,種菌,火薬,,,
お菓子,きのこのホイル焼き,えのきたけ,火薬,,,,
お菓子,ミラクルフルーツ,でっかいワッフル,変性液,強力液,,,
お菓子,エクレア,小麦粉,培養液,火薬,,,
お菓子,イチゴタルト,小麦粉,紅茶,,,,
お菓子,フルーツタルト,イチゴタルト,みかんの種,,,,
お菓子,フルーツタルト,イチゴタルト,ぶどうの種,,,,
お菓子,フルーツタルトエレガント,フルーツタルト,カカオの種,バナナの種,,,
お菓子,道後松山タルト,小麦粉,モラセス,濃縮液,,,
お菓子,黒き城,エクレア,名づけて「越後ショート！」,,,,
スキマ,弱化のスキマ(2),スキマのもと,衰耗液,逆行薬,,,
スキマ,識別のスキマ(3),スキマのもと,識別「ググール」,識別「ググール」,,,
スキマ,吸いよせのスキマ(1),スキマのもと,場所がえの札,帰還「リターンオブハクレイ」,,,
スキマ,変化のスキマ(5),火水木金土日月の札,博打「エスポワール」,スキマのもと,,,
スキマ,保存のスキマ(4),スキマのもと,増大「ピロルスの解放」,,,,
スキマ,魍魎のスキマ(5),スキマのもと,妖館「レジデント・イーブル」,,,,
スキマ,魍魎のスキマ(9),スキマのもと,あぶない薬,あれ,かつて食べものだったモノ,,
スキマ,スキマシェルター(5),スキマのもと,硬化「幸御魂」,,,,
スキマ,心のスキマ(2),スキマのもと,八意湿布,緑茶,,,
スキマ,心のスキマ(3),スキマのもと,玉露,どくだみ茶,解毒薬,,
スキマ,換金のスキマ(5),スキマのもと,博打「エスポワール」,,,,
スキマ,換金のスキマ(4),スキマのもと,値札,値札,,,
スキマ,消化のスキマ(2),溶けた金属,スキマのもと,瓶コーラ,強力液,,
スキマ,超爆発のスキマ(2),爆薬,スキマのもと,,,,
スキマ,超爆発のスキマ(4),水蒸気爆薬,スキマのもと,,,,
スキマ,超爆発のスキマ(9),根絶「-その瞬間であった-」,スキマのもと,核燃料,,,
スキマ,スキマ(6),スキマのもと,スキマのもと,,,,
スキマ,おはらいのスキマ(3),御祓「カーネルサルベージ」,スキマのもと,お守り「厄除け」,,,
スキマ,呪いのスキマ(3),厄をため込んだお守り,スキマのもと,,,,
スキマ,トンネルのスキマ(1),子供用シャベル,スキマのもと,爆薬,,,
スキマ,トンネルのスキマ(3),万能のみ,スキマのもと,,,,
スキマ,命の灯火のスキマ(4),西行妖の枝,スキマのもと,,,,
スキマ,未識別のスキマ(3),忘却「ネオラライザー」,スキマのもと,,,,
スキマ,おはぎのスキマ(3),大きいおはぎ,スキマのもと,,,,
スキマ,罠のスキマ(9),罠符「死の通路」,スキマのもと,,,,
スキマ,印抽出のスキマ(3),吸い寄せのスキマ,スキマのもと,,,,
スキマ,合成のスキマ(2),隙間操作の書・弐,スキマのもと,変化のスキマ,印抽出のスキマ,,
スキマ,調合のスキマ(2),隙間操作の書・壱,スキマのもと,変化のスキマ,八意湿布,,
スキマ,倉庫のスキマ(2),スキマのもと,帰還「リターンオブハクレイ」,,,,
その他,かわいい巫女玉,神霊「夢想封印」,NTR調整薬,,,,
その他,かわいい巫女玉,神技「八方龍殺陣」,NTRリバース,,,,
その他,かわいい巫女玉,金の玉,絵の具,,,,
その他,びっくり巫女玉,かわいい巫女玉,かわいい巫女玉,かわいい巫女玉,,,
その他,びっくり巫女玉,旧一万円札(10),特製おはぎ,かわいい巫女玉,NTR燃料,,
その他,びっくり巫女玉,吸い寄せのスキマ,かわいい巫女玉,NTR燃料,,,
その他,最も凶悪なびっくり巫女玉,びっくり巫女玉,びっくり巫女玉,びっくり巫女玉,,,
その他,最も凶悪なびっくり巫女玉,びっくり巫女玉,無敵薬,印抽出のスキマ,タヌキの置物,,
その他,緋々色金,最も凶悪なびっくり巫女玉,増大「ピロルスの解放」,NTR調整薬,根絶「-その瞬間であった-」,,
その他,緋々色金,オータムシスターパフェ,最も凶悪なびっくり巫女玉,増大「ピロルスの解放」,,,
その他,緋々色金,ヤマメサンデー,最も凶悪なびっくり巫女玉,増大「ピロルスの解放」,,,
その他,緋々色金,日輪酒「花鳥風月」,最も凶悪なびっくり巫女玉,増大「ピロルスの解放」,,,
その他,緋々色金,月輪酒「嘯風弄月」,最も凶悪なびっくり巫女玉,増大「ピロルスの解放」,,,
その他,NTR燃料,NTR調整薬,NTRリバース,NTR因子No.44,,,
その他,NTR燃料,NTR調整薬,NTRリバース,NTRリバース,,,
その他,NTR燃料,NTR調整薬,NTR調整薬,NTR因子No.44,,,
その他,NTR燃料,NTR調整薬,NTR調整薬,NTRリバース,,,
その他,NTR燃料,NTR調整薬,NTR調整薬,NTR調整薬,,,
その他,NTR燃料,NTRリバース,NTRリバース,NTRリバース,,,
その他,NTR燃料,NTRリバース,NTRリバース,NTR因子No.44,,,
その他,NTR燃料,NTRリバース,NTR因子No.44,NTR因子No.44,,,
その他,NTR燃料,NTR因子No.44,NTR因子No.44,NTR因子No.44,,,
その他,宝塔のようなもの,賢将の落し物,賢将の拾得物,賢将のひろい物,,,
その他,稗田之書,謎の書物～前編～,謎の書物～後編～,,,,
その他,謎の書物～前編～,古びた紙きれ・伍,古びた紙きれ・壱,古びた紙きれ・弐,古びた紙きれ・参,古びた紙きれ・肆,古びた紙きれ・零
その他,謎の書物～後編～,古びた紙きれ・終,古びた紙きれ・漆,古びた紙きれ・捌,古びた紙きれ・玖,古びた紙きれ・拾,古びた紙きれ・陸
その他,玉兎姉の日記,調査隊玉兎の手記・06,調査隊玉兎の手記・01,調査隊玉兎の手記・02,調査隊玉兎の手記・03,調査隊玉兎の手記・04,調査隊玉兎の手記・05
その他,稗田之書・外典,稗田之書,禍怨珠,粛清の証,異世界につながる荒縄,転生タイヤ,脈動する細胞
その他,AR交換券,燐灰石,稗田之書・外典,真夏の太陽,古びた紙切れ・終,,
その他,AR交換券,真珠,稗田之書・外典,十五夜の月,古びた紙切れ・拾,,
その他,AR交換券,紫水晶,稗田之書・外典,真冬の星空,古びたた紙切れ・玖,,
その他,AR交換券,水宝玉,稗田之書・外典,春告精のようせい書,古びた紙切れ・捌,,
その他,AR交換券,天河石,稗田之書・外典,牽引式棺桶,古びた紙切れ・漆,,
その他,AR交換券,黄水晶,稗田之書・外典,正義の印,古びた紙切れ・陸,,
その他,AR交換券,煙水晶,稗田之書・外典,ひぐるまのたね,古びた紙切れ・伍,,
その他,AR交換券,紅水晶,稗田之書・外典,てんじくのつぼみ,古びた紙切れ・肆,,
その他,AR交換券,電気石,稗田之書・外典,てんがいのはなびら,古びた紙切れ・参,,
その他,AR交換券,トルコ石,稗田之書・外典,気象観測装置の部品,古びた紙切れ・弐,,
その他,AR交換券,瑠璃,稗田之書・外典,緋色の布,古びた紙切れ・壱,,
その他,AR交換券,金剛石,稗田之書・外典,送尸術の書,古びた紙切れ・零,,
その他,AR交換券,蒼玉,稗田之書・外典,蒼色の布,調査隊玉兎の手記・02,,
その他,AR交換券,月長石,稗田之書・外典,新１万円札,調査隊玉兎の手記・03,,
その他,AR交換券,翠玉,稗田之書・外典,なんでも見つかる望遠鏡,調査隊玉兎の手記・06,,
その他,AR交換券,紅玉,稗田之書・外典,鬼火の残り,調査隊玉兎の手記・05,,
その他,AR交換券,隕鉄,稗田之書・外典,調査隊玉兎の手記・01,調査隊玉兎の手記・04,,
その他,NTR燃料ゴールド,NTR燃料,NTR燃料,NTR燃料,NTR燃料,,
その他,NTR燃料ゴールド,NTR燃料,混ぜ酒「鬼の霍乱」,麦酒「天竺の鬼」,カッパ割り,,
その他,NTR燃料ゴールド,NTR燃料,にごり酒「紅い河川」,濃縮液,,,
その他,NTR燃料ゴールド,NTR燃料,どぶろく「鬼神」,衰耗液,,,
その他,NTR燃料ゴールド,NTR燃料,米焼酎「六里夢中」,希釈液,,,
その他,NTR燃料プレミアム,NTR燃料ゴールド,NTR燃料ゴールド,,,,
その他,NTR燃料プレミアム,NTR燃料ゴールド,米焼酎「大蛇の血脈」,,,,
その他,NTR燃料プレミアム,NTR燃料ゴールド,本醸造「雲海の酒々」,,,,
その他,NTR燃料プレミアム,NTR燃料ゴールド,古酒「濛々迷霧」,,,,
その他,NTR燃料プレミアム,NTR燃料,純米酒「大江山おろし」,,,,
その他,NTR燃料プレミアム,NTR燃料,純米吟醸「不羈奔放」,,,,
その他,千羽鶴,ふしぎな紙切れ,アイテム保護の札(10),光霊「神霊宝珠」,八意印の万能薬,命の灯火のスキマ(9),緋々色金
素材,おいしい水,月の姫の黄金の水,濃縮液,,,,
素材,ふしぎな紙切れ,無地のカード,変性液,,,,
素材,ふしぎな紙切れ,火水木金土日月の札(5以上),希釈液,転換液,,,
素材,火薬,あれ,変性液,,,,
素材,火薬,石ころ,溶けた金属,カラフルキノコ,,,
素材,火薬,廃木材,わら,ぞうきん,,,
素材,火薬,爆薬,希釈液,,,,
素材,強力液,薬草,雑草,,,,
素材,強力液,薬草,カラフルキノコ,,,,
素材,強力液,衰耗液,火薬,,,,
素材,変性液,雑草,火薬,,,,
素材,変性液,香草,溶けた金属,,,,
素材,変性液,転換液,漂白剤,,,,
素材,転換液,茶葉,雑草,,,,
素材,転換液,茶葉,わら,,,,
素材,転換液,変性液,濃縮液,,,,
素材,衰耗液,毒草,雑草,,,,
素材,衰耗液,毒草,墨汁,,,,
素材,衰耗液,強力液,希釈液,,,,
素材,あれ,ドロドロおはぎ,黒こげワッフル,,,,
素材,あれ,かつて食べものだったモノ,黒こげおはぎ,,,,
素材,白狼天狗の毛,犬の毛,強力液,黒曜石のかけら,,,
素材,四葉のクローバー,ふしぎなアメちゃん大玉,雑草,,,,
素材,核燃料,放射性物質,放射性物質,,,,
素材,核燃料,水蒸気爆薬,濃縮液,,,,
素材,大輪の向日葵,日傘,変性液,,,,
素材,八目鰻,ヌメっとしたもの,変性液,,,,
素材,氷塊,濃縮液,おいしい水,みず,,,
素材,ふしぎなアメちゃん大玉,ふしぎなアメちゃん,ふしぎなアメちゃん,,,,
素材,放射性物質,金烏の羽,希釈液,,,,
素材,放射性物質,核燃料,火薬,火薬,,,
素材,白狼天狗の剛毛,白狼天狗の毛,濃縮液,NTR調整薬,,,
素材,金烏の羽,放射性物質,NTRリバース,転換液,,,
素材,金烏の羽,核燃料,NTR因子No.44,変性液,,,
素材,食べるラー油,濃縮液,香草,みかんの種,,,
素材,カエルの抜け殻,諏訪子の帽子,NTR因子No.44,,,,
素材,カエルの抜け殻,ヘビの抜け殻,変性液,,,,
素材,カエルの抜け殻,極大氷塊,スキマシェルター,変性液,,,
素材,ヘビの抜け殻,ヘビとカエルの髪かざり,NTR因子No.44,,,,
素材,ヘビの抜け殻,カエルの抜け殻,変性液,,,,
素材,ヘビの抜け殻,八目鰻,変性液,,,,
素材,絵の具,みかんの種,バナナの種,,,,
素材,絵の具,ぶどうの種,カカオの種,,,,
素材,絵の具,カラフルキノコ,カラフルキノコ,,,,
素材,絵の具,墨汁,漂白剤,,,,
素材,たくさんマタタビ,マタタビ,マタタビ,,,,
素材,煌々液,強力液,衰耗液,,,,
素材,煌々液,強力液,転換液,,,,
素材,煌々液,強力液,変性液,,,,
素材,煌々液,衰耗液,転換液,,,,
素材,煌々液,衰耗液,変性液,,,,
素材,煌々液,転換液,転換液,,,,
素材,煌々液,変性液,転換液,,,,
素材,煌々液,強力液,強力液,,,,
素材,煌々液,衰耗液,衰耗液,,,,
素材,煌々液,変性液,変性液,,,,
素材,煌々液,雑草,香草,薬草,茶葉,毒草,おいしい水
素材,煌々液,墨汁,毛糸,溶けた金属,カラフルキノコ,わら,おいしい水
素材,極大氷塊,氷塊,氷塊,煌々液,,,
素材,どっさりマタタビ,たくさんマタタビ,たくさんマタタビ,,,,
素材,どっさりマタタビ,マタタビ,たくさんマタタビ,雑草,,,
素材,どっさりマタタビ,マタタビ,マタタビ,マタタビ,マタタビ,マタタビ,
素材,粛清の証,禍怨珠,放射性物質,核燃料,NTR燃料,最も凶悪なびっくり巫女玉,
素材,カエルの氷漬け,カエルの抜け殻,極大氷塊,,,,
素材,冬眠したヘビ,ヘビの抜け殻,極大氷塊,,,,
素材,黒怨石,黒怨石のかけら,黒怨石のかけら,煌々液,,,
素材,禍怨珠,黒怨石,黒怨石,煌々液,,,
素材,スキマのもと,ふしぎな紙切れ,無地のカード,神聖な小袋,煌々液,NTR燃料,
素材,スキマのもと,隙間のカケラ,隙間のカケラ,NTR燃料,,,
素材,米,みかんの種,変性液,,,,
素材,米,バナナの種,変性液,,,,
素材,米,椿の種,変性液,,,,
素材,米,ぶどうの種,変性液,,,,
素材,米,カカオの種,変性液,,,,
素材,無地のカード,ふしぎな紙切れ,変性液,,,,
素材,無地のカード,名づけて「越後ショート！」,漂白剤,,,,
素材,無地のカード,強化「荒御魂」,漂白剤,,,,
素材,無地のカード,硬化「幸御魂」,漂白剤,,,,
素材,神聖な小袋,ふしぎな紙切れ,変性液,,,,
素材,神聖な小袋,無地のカード,変性液,,,,
素材,漂白剤,廃木材,わら,あれ,,,
素材,漂白剤,墨汁,転換液,,,,
素材,濃縮液,ぞうきん,ぞうきん,おいしい水,,,
素材,濃縮液,希釈液,転換液,,,,
素材,希釈液,おいしい水,おいしい水,雑草,,,
素材,希釈液,濃縮液,転換液,,,,
素材,ガールズプレイヤー,燐灰石,NTR因子No.44,転換液,カラフルキノコ,,
素材,人魚の涙,真珠,人魚のうろこ,ヌメッとしたもの,,,
素材,ガネーシャペンダント,紫水晶,八意印の万能薬,でかい金の玉,,,
素材,サンタマリア,水宝玉,水没「サブマージプリンス」,深海泥,,,
素材,希望の石,天河石,博打「エスポワール」,希望の面,,,
素材,神帰月,黄水晶,神気玉,帰還「リターンオブハクレイ」,,,
素材,ケイルンゴルム,煙水晶,厄除「サーディーンヘッド」,心のスキマ,,,
素材,枯れない薔薇,紅水晶,蓬莱の薬,妹紅のリボン,,,
素材,ウォーターメロン,電気石,ミラクルフルーツ,透過薬「ステルスドリンク」,,,
素材,災厄の予兆,トルコ石,禍怨珠,謹製・みがわり人形,,,
素材,天空の破片,瑠璃,金烏の羽,奇跡「白昼の客星」,,,
素材,蒼き希望,金剛石,最も凶悪なびっくり巫女玉,願いのかたち,,,
素材,幻想郷の星,蒼玉,博麗アミュレット,真冬の星空,,,
素材,月の虹,月長石,月の姫の黄金の水,十五夜の月,,,
素材,ウージの車,翠玉,メントゥス,過去を刻む時計,,,
素材,エンジェルブラッド,紅玉,紅魔茶「スカーレットデビル」,米焼酎「大蛇の血脈」,,,
素材,天降珠鐵,隕鉄,漬物石,緋々色金,,,
素材,燐灰石,AR交換券,星蓮船の愉快な仲間たち,バニーランドパスポート,宝塔のようなもの,なかったことにする機能,
素材,真珠,AR交換券,豊姫の扇子<br />(ジュリ扇rank3),バニーランドパスポート,宝塔のようなもの,なかったことにする機能,
素材,紫水晶,AR交換券,爆殺伊吹瓢,バニーランドパスポート,宝塔のようなもの,なかったことにする機能,
素材,水宝玉,AR交換券,人魚姫の足<br />(ヌメッとしたものrank3),バニーランドパスポート,宝塔のようなもの,なかったことにする機能,
素材,天河石,AR交換券,１億のジュラルミンケース<br />(１万マウスrank3),バニーランドパスポート,宝塔のようなもの,なかったことにする機能,
素材,黄水晶,AR交換券,エバのイチジク<br />(緑のバナナrank4),バニーランドパスポート,宝塔のようなもの,なかったことにする機能,
素材,煙水晶,AR交換券,ヤマメサンデー<br />(蜘蛛の巣型のアメrank3),バニーランドパスポート,宝塔のようなもの,なかったことにする機能,
素材,紅水晶,AR交換券,天子の桃の木<br />(桃の実rank3),バニーランドパスポート,宝塔のようなもの,なかったことにする機能,
素材,電気石,AR交換券,美しき緋の衣<br />(触角リボンrank3),バニーランドパスポート,宝塔のようなもの,なかったことにする機能,
素材,トルコ石,AR交換券,モアイ像<br />(ヤップ島の石貨rank2),バニーランドパスポート,宝塔のようなもの,なかったことにする機能,
素材,瑠璃,AR交換券,禁書「小悪魔召喚」<br />(絵本rank5),バニーランドパスポート,宝塔のようなもの,なかったことにする機能,
素材,金剛石,AR交換券,パゼストバイフェニックス<br />(妹紅のリボンrank3),バニーランドパスポート,宝塔のようなもの,なかったことにする機能,
素材,蒼玉,AR交換券,クギバット<br />(子供用のバットrank3),バニーランドパスポート,宝塔のようなもの,なかったことにする機能,
素材,月長石,AR交換券,ストライカー召喚・妹紅<br />(ゼナー・カード「紅」rank3),バニーランドパスポート,宝塔のようなもの,なかったことにする機能,
素材,翠玉,AR交換券,奇跡の大幣<br />(はたきのようなものrank3),バニーランドパスポート,宝塔のようなもの,なかったことにする機能,
素材,紅玉,AR交換券,石仮面<br />(てゐの覆面rank4),バニーランドパスポート,宝塔のようなもの,なかったことにする機能,
素材,隕鉄,AR交換券,超オンバシラゴッド<br />(丸太rank4),バニーランドパスポート,宝塔のようなもの,なかったことにする機能,